INSERT INTO group_type ("id", "code")
VALUES (1, 'SITE'),
       (2, 'MANAGER'),
       (3, 'HQ'),
       (4, 'TECH'),
       (5, 'SUPP'),
       (6, 'REALPARTNER');

ALTER SEQUENCE group_type_id_seq RESTART WITH 7;

INSERT INTO group_type_available_scope ("group_type_id", "model_id", "allow_all", "allow_selected",
                                        "allow_selected_brands", "allow_selected_countries", "allow_selected_manager",
                                        "allow_filter")
VALUES (1, 'referential.site', 'True', 'True', 'True', 'True', 'False', 'True'),
       (1, 'referential.candidate', 'True', 'True', 'False', 'False', 'False', 'True'),
       (1, 'referential.competitor', 'True', 'True', 'False', 'False', 'False', 'True'),
       (1, 'referential.groupCompany', 'False', 'False', 'False', 'False', 'False', 'False'),
       (1, 'referential.company', 'False', 'True', 'False', 'False', 'False', 'True'),
       (1, 'referential.realPartner', 'False', 'False', 'False', 'False', 'False', 'False'),
       (1, 'referential.technicalPartner', 'False', 'False', 'False', 'False', 'False', 'False'),
       (1, 'referential.supplier', 'False', 'False', 'False', 'False', 'False', 'False'),
       (2, 'referential.site', 'False', 'False', 'False', 'False', 'True', 'False'),
       (2, 'referential.candidate', 'True', 'True', 'False', 'False', 'False', 'True'),
       (2, 'referential.competitor', 'True', 'True', 'False', 'False', 'False', 'True'),
       (2, 'referential.groupCompany', 'False', 'False', 'False', 'False', 'False', 'False'),
       (2, 'referential.company', 'False', 'True', 'False', 'False', 'False', 'True'),
       (2, 'referential.realPartner', 'False', 'False', 'False', 'False', 'False', 'False'),
       (2, 'referential.technicalPartner', 'False', 'False', 'False', 'False', 'False', 'False'),
       (2, 'referential.supplier', 'False', 'False', 'False', 'False', 'False', 'False'),
       (3, 'referential.site', 'True', 'True', 'True', 'True', 'False', 'True'),
       (3, 'referential.candidate', 'True', 'True', 'False', 'False', 'False', 'True'),
       (3, 'referential.competitor', 'True', 'True', 'False', 'False', 'False', 'True'),
       (3, 'referential.groupCompany', 'True', 'False', 'False', 'False', 'False', 'False'),
       (3, 'referential.company', 'True', 'False', 'False', 'False', 'False', 'False'),
       (3, 'referential.realPartner', 'True', 'False', 'False', 'False', 'False', 'False'),
       (3, 'referential.technicalPartner', 'True', 'False', 'False', 'False', 'False', 'False'),
       (3, 'referential.supplier', 'True', 'False', 'False', 'False', 'False', 'False'),
       (4, 'referential.site', 'False', 'False', 'False', 'False', 'False', 'False'),
       (4, 'referential.candidate', 'False', 'False', 'False', 'False', 'False', 'False'),
       (4, 'referential.competitor', 'False', 'False', 'False', 'False', 'False', 'False'),
       (4, 'referential.groupCompany', 'False', 'False', 'False', 'False', 'False', 'False'),
       (4, 'referential.company', 'False', 'False', 'False', 'False', 'False', 'False'),
       (4, 'referential.realPartner', 'False', 'False', 'False', 'False', 'False', 'False'),
       (4, 'referential.technicalPartner', 'False', 'True', 'False', 'False', 'False', 'True'),
       (4, 'referential.supplier', 'False', 'False', 'False', 'False', 'False', 'False'),
       (5, 'referential.site', 'False', 'False', 'False', 'False', 'False', 'False'),
       (5, 'referential.candidate', 'False', 'False', 'False', 'False', 'False', 'False'),
       (5, 'referential.competitor', 'False', 'False', 'False', 'False', 'False', 'False'),
       (5, 'referential.groupCompany', 'False', 'False', 'False', 'False', 'False', 'False'),
       (5, 'referential.company', 'False', 'False', 'False', 'False', 'False', 'False'),
       (5, 'referential.realPartner', 'False', 'False', 'False', 'False', 'False', 'False'),
       (5, 'referential.technicalPartner', 'False', 'False', 'False', 'False', 'False', 'False'),
       (5, 'referential.supplier', 'False', 'True', 'False', 'False', 'False', 'True'),
       (6, 'referential.site', 'False', 'False', 'False', 'False', 'False', 'False'),
       (6, 'referential.candidate', 'False', 'False', 'False', 'False', 'False', 'False'),
       (6, 'referential.competitor', 'False', 'False', 'False', 'False', 'False', 'False'),
       (6, 'referential.groupCompany', 'False', 'False', 'False', 'False', 'False', 'False'),
       (6, 'referential.company', 'False', 'False', 'False', 'False', 'False', 'False'),
       (6, 'referential.realPartner', 'False', 'True', 'False', 'False', 'False', 'True'),
       (6, 'referential.technicalPartner', 'False', 'False', 'False', 'False', 'False', 'False');

INSERT INTO user_group ("id", "disabled", "group_type_id", "modified_on", "modified_by")
VALUES (1, 'False', 3, '2020-03-11T16:59:28.0000000', '7bca1570-f079-4f8f-898d-cb85ea40bbfa');

ALTER SEQUENCE user_group_id_seq RESTART WITH 2;

INSERT INTO "role" (id,role_name,is_system) VALUES 
('56595e90-f888-40f9-8f10-03f1aec5ad1f','RE invoice Editor',true)
,('397db33c-3410-425d-b446-069faf1d3a50','Supplier Revenue & Rebates Cube',true)
,('28ddcc68-52cc-46ea-a273-0881e7a20ff7','Performance Editor',true)
,('e39f1002-1d01-4609-93e5-0bce9d2400eb','Development Editor',true)
,('7aa2b5ff-1503-4487-9599-13218944fbcf','Facility Manager',true)
,('d23710c8-4388-4491-a45f-2f403d5e20e3','Budget Manager',true)
,('2e434fb5-ee40-4c55-b5b5-32ecfa2834db','Regional Manager',true)
,('1dd9abba-70b6-4a88-b196-362fd563e27f','Development Viewer',true)
,('f837baee-f611-4f42-a8d5-3a3d6630d8fe','Project Owner',true)
,('8b29bf04-3ff8-479f-9b86-486ec74a43a0','Campaign viewer',true)
,('01060386-198f-4b1b-bfd4-529adc619b17','Animation Audit - Administrator',true)
,('4cb5d024-460d-4ccd-961d-535cd448959f','Campaign editor',true)
,('d7fb7a5b-dc6e-4e7d-9cec-57b0cd7748b6','Project Coordinator',true)
,('bcea041f-df5c-4242-9090-663cc90387c3','Shop Manager',true)
,('f212a964-2d72-4b92-8b07-6ffa8b8d6cfc','Contract Editor',true)
,('2ad4a473-62a0-4af0-bed7-9153b0481348','Project Viewer',true)
,('c7e81502-1a86-4e71-aecd-a15fe7b74ab9','RE invoice Viewer',true)
,('9db2e636-3aae-426b-8bc0-b7f82f670af1','Auditor',true)
,('3655a180-3e94-47ca-91a8-ca4a61f75124','Performance Viewer',true)
,('1e6e8a35-ad29-4c16-9e05-d1a6c730f8ae','Service Provider',true)
,('4bdeb855-5719-49d8-b046-d21559eaca80','Rights Administrator - Consultant',true)
,('b3ba7109-9a53-40af-9075-d5e9ce8c2a47','Contract Viewer',true)
,('3a3c401a-e56b-4b9b-a5bd-f2edc0e3e739','Achats & Remises : Accès au Cube',true)
,('8d29db89-430d-4f48-847e-a9d6b3750fd7','Achats & Remises : Accès Fournisseur',true)
,('b79091f0-e4cb-408b-8486-bcf097a70cde','Achats & Remises : Consultation fournisseurs',true)
,('c84cf52d-3e53-46ce-ada8-492545579034','Achats et remises : Consultation sites',true)
,('f24e5796-6453-4db1-ac03-730b47aa68d3','Achats et remises : Consultation des conditions',true)
,('3d022e17-998a-470e-b215-84ca3a9b6d83','Achats et remises : Edition des gammes de fournisseurs',true)
,('329299d0-c184-4cff-820a-51f43c74b002','Achats et remises : Gestion des calculs',true)
,('87af83b9-48bd-4c45-8b72-d0b7a40f4b63','customReportsViewer',true)
,('f6e54aa0-8bf3-4f28-932d-77e931dfc370','Achats & Remises : Administration',true)
,('761e2dd8-15d8-4ffb-a769-1f3ac80fa4b6','Audit animation : Auditeur N1',true)
,('a8027baa-7907-49fa-adef-93357c59aaee','Audit animation : Auditeur N2',true)
,('a7b79787-18d7-49c4-bfdf-214ea7c4a2f0','Bailleur : Administrateur',true)
,('c526b148-4e31-4eeb-8c79-2068b6327375','Bailleur : Consultation',true)
,('571bb198-f15d-4323-a90f-77ed0e12798c','Bailleurs : Edition',true)
,('e3112769-8a94-4c04-bf29-144646adeb4a','Business Plan : Saisie',true)
,('559909d6-0cf1-4979-8612-ff1714b94d5d','Candidats : Consultation',true)
,('89386456-2963-4082-a53d-2e743e04ce59','Candidats : Edition',true)
,('86c5cdb4-bd67-4f0d-b908-af633d3334dc','Comptes annuels : Accès au cube',true)
,('9295b5bc-3a75-446c-a47c-eb4d3acea407','Comptes annuels : Consultation',true)
,('415e7e86-bef1-4674-969b-a010a150e6f8','Comptes annuels : Saisie',true)
,('b4d0a153-4825-4507-b935-77e3ab785e21','Concurrents : Consultation',true)
,('ea3fc22b-115f-4d78-b154-8cde14f32e78','Concurrents : Edition',true)
,('d9382632-835f-403b-91d0-79f7049eaaef','Contrat : Administration',true)
,('51fb37f1-c160-485f-afdf-d369438ab23b','Contrat : Consultation',true)
,('9ea08fc0-95bc-4562-99cc-f43057a4f633','Contrat : Dashboard',true)
,('7d4d603c-c2b5-4102-a1cd-6a0c7d4edce1','Contrat : Edition',true)
,('4b8c8d48-418f-4467-b557-da27bceff201','Fournisseurs : Consultation',true)
,('08c49852-0bab-4591-9fb9-f75ac831bb22','Fournisseurs : Edition',true)
,('a586ad5e-9689-4953-9730-40563108641c','Immobilier : Budget Manager',true)
,('edceb8da-89d9-4a86-8d6b-bd6db3e48e95','Maintenance : Administrator',true)
,('ccb88b57-d86b-4b60-adba-904bea387f6b','Prestataires : Consultation',true)
,('c2e133d8-411c-4b27-994f-77324458fc86','Prestataires : Saisie',true)
,('bcd1236b-944f-419b-be1f-6974fb6f8b0f','Référentiel : Administrateur',true)
,('c3459eed-c648-4507-ace4-adaf8e1c7894','Reporting financier : Consultation',true)
,('11d92e6b-136a-4a4f-8fc3-1312fa94c6a8','Reporting financier : Saisie',true)
,('4742608a-918d-429b-a0ac-d304c7b44496','Reporting opérationnel : Accès au cube',true)
,('50c9fb84-1973-4b6b-a356-6edab8bac1d6','Reporting opérationnel : Analyse',true)
,('9097ad92-3d63-475b-9cb0-794b313bd094','Reporting opérationnel : Consultation',true)
,('f0a0bf7b-5f3d-4387-9c01-dde18b993563','Reporting opérationnel : Edition',true)
,('a9210b77-6910-445b-ac04-802fbabf995a','Royalties : Administrateur',true)
,('43c33393-cfcf-4a50-a93f-47cbc5168cc1','Royalties : Saisie',true)
,('7590a280-38d6-486a-9158-85dcfe68ccf3','Sécurité : Administration',true)
,('ce0f5f3e-e6f7-4ae7-89b3-f30c5e5c6f33','Sites : Consultation',true)
,('b3fcb94d-1930-4818-b2fb-b875c67c761e','Sites : Edition',true)
,('b2b071df-e4db-4718-bb6d-feacde00ed71','Sociétés : Consultation',true)
,('533286dd-3988-4b64-aae6-de4f7d108ed0','Sociétés : Saisie',true)
,('32516b69-cfec-4f13-8474-790a00880fcf','Sociétés du groupe : Consultation',true)
,('1259d9de-1824-4490-b2f6-3cf129735eb8','Sociétés du groupe : Saisie',true)
,('b116ebd2-f530-4f2f-8858-ef7a1c5eefa8','Tax : Editor',true)
,('be3102e2-fb07-490d-a7b8-f2bf966a206f','Travaux : Accès au module',true)
,('b040805e-b018-4226-ba78-9eccbb16dc5f','Audit technique : accès au module',true)
,('47d5f3cc-18c7-4c3b-843b-1913c9d9f59d','Maintenance : accès au module',true)
,('dcb5bf83-61b2-46f7-80b3-38384b5e1b66','Travaux : Administration',true)
,('a9f37eb0-837d-4a4c-bb80-62b6edfb0416','Immobilier : accès au module',true)
,('23b72a3c-830a-4055-9c02-ff3a7d6962db','Immobilier : Administration',true)
,('2175a12f-a69c-47fc-8c84-f3547b5b46fd','IFRS : Gestion',true)
;

INSERT INTO heimdall.role_rights (role_id,section2_id,"action") VALUES 
('be3102e2-fb07-490d-a7b8-f2bf966a206f','project.site.planningDashboard','View')
,('be3102e2-fb07-490d-a7b8-f2bf966a206f','project.site.customReport','View')
,('be3102e2-fb07-490d-a7b8-f2bf966a206f','project.project.project','View')
,('b040805e-b018-4226-ba78-9eccbb16dc5f','audit.site.observation','View')
,('b040805e-b018-4226-ba78-9eccbb16dc5f','audit.site.questionnaire','View')
,('b040805e-b018-4226-ba78-9eccbb16dc5f','audit.site.equipementCatalog','View')
,('b040805e-b018-4226-ba78-9eccbb16dc5f','audit.site.campaignManagement','View')
,('b040805e-b018-4226-ba78-9eccbb16dc5f','audit.site.campaignAdd','View')
,('47d5f3cc-18c7-4c3b-843b-1913c9d9f59d','maintenance.site.workorderList','View')
,('47d5f3cc-18c7-4c3b-843b-1913c9d9f59d','maintenance.site.equipementList','View')
,('47d5f3cc-18c7-4c3b-843b-1913c9d9f59d','maintenance.site.correctiveDashboard','View')
,('47d5f3cc-18c7-4c3b-843b-1913c9d9f59d','maintenance.site.preventiveDashboard','View')
,('47d5f3cc-18c7-4c3b-843b-1913c9d9f59d','maintenance.site.preventiveDashboard','PLAN')
,('47d5f3cc-18c7-4c3b-843b-1913c9d9f59d','maintenance.site.preventiveDashboard','MODIFY')
,('47d5f3cc-18c7-4c3b-843b-1913c9d9f59d','maintenance.site.budget','View')
,('47d5f3cc-18c7-4c3b-843b-1913c9d9f59d','maintenance.site.reporting','View')
,('47d5f3cc-18c7-4c3b-843b-1913c9d9f59d','maintenance.site.serviceProviders','View')
,('47d5f3cc-18c7-4c3b-843b-1913c9d9f59d','maintenance.site.equipement','View')
,('47d5f3cc-18c7-4c3b-843b-1913c9d9f59d','maintenance.site.equipmentCategories','View')
,('47d5f3cc-18c7-4c3b-843b-1913c9d9f59d','maintenance.site.workorderDetails','View')
,('47d5f3cc-18c7-4c3b-843b-1913c9d9f59d','maintenance.workorder.add','AddDetails')
,('47d5f3cc-18c7-4c3b-843b-1913c9d9f59d','maintenance.equipment.add','AddDetails')
,('47d5f3cc-18c7-4c3b-843b-1913c9d9f59d','settings.maintenance.equipmentCustomFields','View')
,('47d5f3cc-18c7-4c3b-843b-1913c9d9f59d','settings.maintenance.department','View')
,('edceb8da-89d9-4a86-8d6b-bd6db3e48e95','settings.maintenance.equipmentCustomFields','View')
,('edceb8da-89d9-4a86-8d6b-bd6db3e48e95','settings.maintenance.department','View')
,('87af83b9-48bd-4c45-8b72-d0b7a40f4b63','customReports.list','View')
,('dcb5bf83-61b2-46f7-80b3-38384b5e1b66','settings.project.taskTypeGroups','View')
,('dcb5bf83-61b2-46f7-80b3-38384b5e1b66','settings.project.taskTypes','View')
,('dcb5bf83-61b2-46f7-80b3-38384b5e1b66','settings.project.brandRequirements','View')
,('dcb5bf83-61b2-46f7-80b3-38384b5e1b66','settings.project.events','View')
,('23b72a3c-830a-4055-9c02-ff3a7d6962db','settings.contract.documentTemplate','View')
,('23b72a3c-830a-4055-9c02-ff3a7d6962db','settings.contract.mainClauses','View')
,('23b72a3c-830a-4055-9c02-ff3a7d6962db','settings.realEstate.rentCategories','View')
,('23b72a3c-830a-4055-9c02-ff3a7d6962db','settings.contract.royalty','View')
,('23b72a3c-830a-4055-9c02-ff3a7d6962db','settings.contract.taxCharges','View')
,('23b72a3c-830a-4055-9c02-ff3a7d6962db','settings.contract.documentTypes','View')
,('a9f37eb0-837d-4a4c-bb80-62b6edfb0416','realEstate.site.individualTaxes','View')
,('a9f37eb0-837d-4a4c-bb80-62b6edfb0416','realEstate.site.individualEstimatedInvoices','View')
,('a9f37eb0-837d-4a4c-bb80-62b6edfb0416','realEstate.site.individualLeases','View')
,('a9f37eb0-837d-4a4c-bb80-62b6edfb0416','realEstate.site.individualInvoices','View')
,('a9f37eb0-837d-4a4c-bb80-62b6edfb0416','realEstate.site.deadline','View')
,('a9f37eb0-837d-4a4c-bb80-62b6edfb0416','realEstate.site.indexes','View')
,('a9f37eb0-837d-4a4c-bb80-62b6edfb0416','realEstate.site.analysis','View')
,('a9f37eb0-837d-4a4c-bb80-62b6edfb0416','realEstate.site.taxes','View')
,('a9f37eb0-837d-4a4c-bb80-62b6edfb0416','realEstate.site.leases','View')
,('2175a12f-a69c-47fc-8c84-f3547b5b46fd','ifrs16.scenario.add','View')
,('2175a12f-a69c-47fc-8c84-f3547b5b46fd','ifrs16.site.scenarios','View')
,('47d5f3cc-18c7-4c3b-843b-1913c9d9f59d','project.project.add','View')
,('a9f37eb0-837d-4a4c-bb80-62b6edfb0416','realEstate.contract.add','View')
,('a9f37eb0-837d-4a4c-bb80-62b6edfb0416','realEstate.invoice.add','View')
,('01060386-198f-4b1b-bfd4-529adc619b17','settings.animationAudit.deletion','View')
,('01060386-198f-4b1b-bfd4-529adc619b17','settings.animationAudit.settings','View')
,('415e7e86-bef1-4674-969b-a010a150e6f8','annualAccount.display','View')
,('415e7e86-bef1-4674-969b-a010a150e6f8','annualAccount.company.consoSummary','View')
,('3a3c401a-e56b-4b9b-a5bd-f2edc0e3e739','purchaseRebate.supplier.cube','View')
,('8d29db89-430d-4f48-847e-a9d6b3750fd7','purchaseRebate.supplier.revenueEntry','View')
,('8d29db89-430d-4f48-847e-a9d6b3750fd7','purchaseRebate.supplier.revenueDisplay','View')
,('f6e54aa0-8bf3-4f28-932d-77e931dfc370','purchaseRebate.supplier.settingsList','View')
,('f6e54aa0-8bf3-4f28-932d-77e931dfc370','purchaseRebate.supplier.conditionDetail','View')
,('f6e54aa0-8bf3-4f28-932d-77e931dfc370','purchaseRebate.supplier.settingsDisplay','View')
,('f6e54aa0-8bf3-4f28-932d-77e931dfc370','purchaseRebate.supplier.settingsEntry','View')
,('f6e54aa0-8bf3-4f28-932d-77e931dfc370','purchaseRebate.supplier.consoProj','View')
,('f6e54aa0-8bf3-4f28-932d-77e931dfc370','purchaseRebate.supplier.forecast','View')
,('f6e54aa0-8bf3-4f28-932d-77e931dfc370','purchaseRebate.supplier.cube','View')
,('f6e54aa0-8bf3-4f28-932d-77e931dfc370','purchaseRebate.supplier.gammeFournisseur','View')
,('f6e54aa0-8bf3-4f28-932d-77e931dfc370','settings.purchaseRebate.typeRemises','View')
,('f6e54aa0-8bf3-4f28-932d-77e931dfc370','settings.purchaseRebate.typePlafonds','View')
,('f6e54aa0-8bf3-4f28-932d-77e931dfc370','purchaseRebate.supplier.revenueEntry','View')
,('f6e54aa0-8bf3-4f28-932d-77e931dfc370','purchaseRebate.supplier.revenueDisplay','View')
,('f6e54aa0-8bf3-4f28-932d-77e931dfc370','settings.natures.conditions','View')
,('f6e54aa0-8bf3-4f28-932d-77e931dfc370','settings.conditions','View')
,('f6e54aa0-8bf3-4f28-932d-77e931dfc370','settings.gammes','View')
,('f6e54aa0-8bf3-4f28-932d-77e931dfc370','settings.purchaseRebate.sousGammes','View')
,('f6e54aa0-8bf3-4f28-932d-77e931dfc370','settings.purchaseRebate.univers','View')
,('f6e54aa0-8bf3-4f28-932d-77e931dfc370','settings.bases','View')
,('f6e54aa0-8bf3-4f28-932d-77e931dfc370','settings.purchaseRebate.statusCondition','View')
,('f6e54aa0-8bf3-4f28-932d-77e931dfc370','purchaseRebate.supplier.simulation','View')
,('f6e54aa0-8bf3-4f28-932d-77e931dfc370','purchaseRebate.supplier.conditionEntry','View')
,('f6e54aa0-8bf3-4f28-932d-77e931dfc370','purchaseRebate.supplier.conditionDisplay','View')
,('f6e54aa0-8bf3-4f28-932d-77e931dfc370','purchaseRebate.supplier.bashCalculate','View')
,('f6e54aa0-8bf3-4f28-932d-77e931dfc370','purchaseRebate.supplier.individualCalculate','View')
,('f6e54aa0-8bf3-4f28-932d-77e931dfc370','purchaseRebate.supplier.resetCalculate','View')
,('b79091f0-e4cb-408b-8486-bcf097a70cde','purchaseRebate.supplier.bashCalculate','View')
,('b79091f0-e4cb-408b-8486-bcf097a70cde','purchaseRebate.supplier.revenueDisplay','View')
,('b79091f0-e4cb-408b-8486-bcf097a70cde','purchaseRebate.supplier.revenueEntry','View')
,('b79091f0-e4cb-408b-8486-bcf097a70cde','purchaseRebate.supplier.simulation','View')
,('b79091f0-e4cb-408b-8486-bcf097a70cde','purchaseRebate.supplier.conditionEntry','View')
,('b79091f0-e4cb-408b-8486-bcf097a70cde','purchaseRebate.supplier.settingsEntry','View')
,('b79091f0-e4cb-408b-8486-bcf097a70cde','purchaseRebate.supplier.settingsList','View')
,('b79091f0-e4cb-408b-8486-bcf097a70cde','purchaseRebate.supplier.settingsDisplay','View')
,('b79091f0-e4cb-408b-8486-bcf097a70cde','purchaseRebate.supplier.conditionDisplay','View')
,('b79091f0-e4cb-408b-8486-bcf097a70cde','purchaseRebate.supplier.conditionDetail','View')
,('b79091f0-e4cb-408b-8486-bcf097a70cde','purchaseRebate.supplier.resetCalculate','View')
,('b79091f0-e4cb-408b-8486-bcf097a70cde','purchaseRebate.supplier.individualCalculate','View')
,('c84cf52d-3e53-46ce-ada8-492545579034','purchaseRebate.site.ca','View')
,('c84cf52d-3e53-46ce-ada8-492545579034','purchaseRebate.site.remise','View')
,('c84cf52d-3e53-46ce-ada8-492545579034','purchaseRebate.site.consoCa','View')
,('c84cf52d-3e53-46ce-ada8-492545579034','purchaseRebate.site.consoRemise','View')
,('f24e5796-6453-4db1-ac03-730b47aa68d3','purchaseRebate.supplier.conditionDetail','View')
,('3d022e17-998a-470e-b215-84ca3a9b6d83','purchaseRebate.supplier.range','View')
,('329299d0-c184-4cff-820a-51f43c74b002','purchaseRebate.supplier.resetCalculate','View')
,('329299d0-c184-4cff-820a-51f43c74b002','purchaseRebate.supplier.forecast','View')
,('329299d0-c184-4cff-820a-51f43c74b002','purchaseRebate.supplier.bashCalculate','View')
,('329299d0-c184-4cff-820a-51f43c74b002','purchaseRebate.supplier.settingsList','View')
,('329299d0-c184-4cff-820a-51f43c74b002','purchaseRebate.supplier.individualCalculate','View')
,('329299d0-c184-4cff-820a-51f43c74b002','purchaseRebate.supplier.simulation','View')
,('761e2dd8-15d8-4ffb-a769-1f3ac80fa4b6','animationAudit.site.consoReportRegion','View')
,('761e2dd8-15d8-4ffb-a769-1f3ac80fa4b6','animationAudit.site.consoCampaign','View')
,('761e2dd8-15d8-4ffb-a769-1f3ac80fa4b6','animationAudit.site.valid','View')
,('761e2dd8-15d8-4ffb-a769-1f3ac80fa4b6','animationAudit.site.consoStat','View')
,('761e2dd8-15d8-4ffb-a769-1f3ac80fa4b6','animationAudit.site.entry','View')
,('761e2dd8-15d8-4ffb-a769-1f3ac80fa4b6','animationAudit.site.formEntry','View')
,('761e2dd8-15d8-4ffb-a769-1f3ac80fa4b6','animationAudit.site.plan','View')
,('761e2dd8-15d8-4ffb-a769-1f3ac80fa4b6','animationAudit.site.result','View')
,('a8027baa-7907-49fa-adef-93357c59aaee','animationAudit.site.query','View')
,('a8027baa-7907-49fa-adef-93357c59aaee','animationAudit.site.valid','View')
,('a8027baa-7907-49fa-adef-93357c59aaee','animationAudit.site.validEntry','View')
,('a8027baa-7907-49fa-adef-93357c59aaee','animationAudit.site.actionPlan','View')
,('a8027baa-7907-49fa-adef-93357c59aaee','animationAudit.site.consoCampaign','View')
,('a8027baa-7907-49fa-adef-93357c59aaee','animationAudit.site.consoReportRegion','View')
,('a8027baa-7907-49fa-adef-93357c59aaee','animationAudit.site.consoStat','View')
,('a8027baa-7907-49fa-adef-93357c59aaee','animationAudit.site.entry','View')
,('a8027baa-7907-49fa-adef-93357c59aaee','animationAudit.site.formEntry','View')
,('a8027baa-7907-49fa-adef-93357c59aaee','animationAudit.site.plan','View')
,('a8027baa-7907-49fa-adef-93357c59aaee','animationAudit.site.result','View')
,('c526b148-4e31-4eeb-8c79-2068b6327375','referential.realPartner.details','View')
,('c526b148-4e31-4eeb-8c79-2068b6327375','referential.realPartner.details','ViewContacts')
,('c526b148-4e31-4eeb-8c79-2068b6327375','referential.realPartner.details','ViewDocumentVersionHistory')
,('c526b148-4e31-4eeb-8c79-2068b6327375','referential.realPartner.details','ViewDocuments')
,('c526b148-4e31-4eeb-8c79-2068b6327375','referential.realPartner.details','ViewEvents')
,('c526b148-4e31-4eeb-8c79-2068b6327375','referential.realPartner.list','View')
,('571bb198-f15d-4323-a90f-77ed0e12798c','referential.realPartner.details','MoveDocumentsOrFolders')
,('571bb198-f15d-4323-a90f-77ed0e12798c','referential.realPartner.details','AddDocumentVersion')
,('571bb198-f15d-4323-a90f-77ed0e12798c','referential.realPartner.details','ViewDocumentVersionHistory')
,('571bb198-f15d-4323-a90f-77ed0e12798c','referential.realPartner.details','EditFolderName')
,('571bb198-f15d-4323-a90f-77ed0e12798c','referential.realPartner.details','ViewDocuments')
,('571bb198-f15d-4323-a90f-77ed0e12798c','referential.realPartner.list','View')
,('571bb198-f15d-4323-a90f-77ed0e12798c','contract.site.add','AddDetails')
,('571bb198-f15d-4323-a90f-77ed0e12798c','referential.realPartner.details','EditDetails')
,('571bb198-f15d-4323-a90f-77ed0e12798c','referential.realPartner.add','AddDetails')
,('571bb198-f15d-4323-a90f-77ed0e12798c','referential.realPartner.details','View')
,('571bb198-f15d-4323-a90f-77ed0e12798c','referential.realPartner.details','ViewContacts')
,('571bb198-f15d-4323-a90f-77ed0e12798c','referential.realPartner.details','ViewEvents')
,('571bb198-f15d-4323-a90f-77ed0e12798c','referential.realPartner.details','Close')
,('571bb198-f15d-4323-a90f-77ed0e12798c','referential.realPartner.details','AddContacts')
,('571bb198-f15d-4323-a90f-77ed0e12798c','referential.realPartner.details','EditContacts')
,('571bb198-f15d-4323-a90f-77ed0e12798c','referential.realPartner.details','DeleteContacts')
,('571bb198-f15d-4323-a90f-77ed0e12798c','referential.realPartner.details','EditEvents')
,('571bb198-f15d-4323-a90f-77ed0e12798c','referential.realPartner.details','AddEvents')
,('571bb198-f15d-4323-a90f-77ed0e12798c','referential.realPartner.details','DeleteEvents')
,('571bb198-f15d-4323-a90f-77ed0e12798c','referential.realPartner.details','AddDocuments')
,('571bb198-f15d-4323-a90f-77ed0e12798c','referential.realPartner.details','AddFolders')
,('571bb198-f15d-4323-a90f-77ed0e12798c','referential.realPartner.details','DeleteDocumentsOrFolders')
,('571bb198-f15d-4323-a90f-77ed0e12798c','referential.realPartner.details','CopyDocumentsOrFolders')
,('e3112769-8a94-4c04-bf29-144646adeb4a','businessPlan.site.consoList','View')
,('e3112769-8a94-4c04-bf29-144646adeb4a','businessPlan.candidate.list','View')
,('e3112769-8a94-4c04-bf29-144646adeb4a','businessPlan.candidate.edit','View')
,('e3112769-8a94-4c04-bf29-144646adeb4a','businessPlan.candidate.view','View')
,('e3112769-8a94-4c04-bf29-144646adeb4a','businessPlan.site.view','View')
,('e3112769-8a94-4c04-bf29-144646adeb4a','businessPlan.site.edit','View')
,('559909d6-0cf1-4979-8612-ff1714b94d5d','referential.candidate.details','ViewDocumentVersionHistory')
,('559909d6-0cf1-4979-8612-ff1714b94d5d','referential.candidate.details','ViewEvents')
,('559909d6-0cf1-4979-8612-ff1714b94d5d','referential.candidate.list','View')
,('559909d6-0cf1-4979-8612-ff1714b94d5d','referential.candidate.details','View')
,('559909d6-0cf1-4979-8612-ff1714b94d5d','referential.candidate.details','ViewContacts')
,('559909d6-0cf1-4979-8612-ff1714b94d5d','referential.candidate.details','ViewDocuments')
,('89386456-2963-4082-a53d-2e743e04ce59','referential.candidate.details','EditContacts')
,('89386456-2963-4082-a53d-2e743e04ce59','referential.candidate.details','AddContacts')
,('89386456-2963-4082-a53d-2e743e04ce59','referential.candidate.details','ViewDocuments')
,('89386456-2963-4082-a53d-2e743e04ce59','referential.candidate.list','View')
,('89386456-2963-4082-a53d-2e743e04ce59','referential.candidate.details','Close')
,('89386456-2963-4082-a53d-2e743e04ce59','referential.candidate.details','DeleteContacts')
,('89386456-2963-4082-a53d-2e743e04ce59','referential.candidate.details','AddEvents')
,('89386456-2963-4082-a53d-2e743e04ce59','referential.candidate.details','EditEvents')
,('89386456-2963-4082-a53d-2e743e04ce59','referential.candidate.details','DeleteEvents')
,('89386456-2963-4082-a53d-2e743e04ce59','referential.candidate.details','AddDocuments')
,('89386456-2963-4082-a53d-2e743e04ce59','referential.candidate.details','AddFolders')
,('89386456-2963-4082-a53d-2e743e04ce59','referential.candidate.details','DeleteDocumentsOrFolders')
,('89386456-2963-4082-a53d-2e743e04ce59','referential.candidate.details','CopyDocumentsOrFolders')
,('89386456-2963-4082-a53d-2e743e04ce59','referential.candidate.details','MoveDocumentsOrFolders')
,('89386456-2963-4082-a53d-2e743e04ce59','referential.candidate.details','AddDocumentVersion')
,('89386456-2963-4082-a53d-2e743e04ce59','referential.candidate.details','EditDetails')
,('89386456-2963-4082-a53d-2e743e04ce59','referential.candidate.details','ViewEvents')
,('89386456-2963-4082-a53d-2e743e04ce59','referential.candidate.add','AddDetails')
,('89386456-2963-4082-a53d-2e743e04ce59','referential.candidate.details','EditFolderName')
,('89386456-2963-4082-a53d-2e743e04ce59','referential.candidate.details','ViewDocumentVersionHistory')
,('89386456-2963-4082-a53d-2e743e04ce59','referential.candidate.details','View')
,('89386456-2963-4082-a53d-2e743e04ce59','referential.candidate.details','ViewContacts')
,('86c5cdb4-bd67-4f0d-b908-af633d3334dc','annualAccount.company.cube','View')
,('86c5cdb4-bd67-4f0d-b908-af633d3334dc','annualAccount.site.cube','View')
,('86c5cdb4-bd67-4f0d-b908-af633d3334dc','annualAccount.competitor.cube','View')
,('86c5cdb4-bd67-4f0d-b908-af633d3334dc','annualAccount.supplier.cube','View')
,('9295b5bc-3a75-446c-a47c-eb4d3acea407','annualAccount.supplier.consoBench','View')
,('9295b5bc-3a75-446c-a47c-eb4d3acea407','annualAccount.company.consoBench','View')
,('9295b5bc-3a75-446c-a47c-eb4d3acea407','annualAccount.company.conso','View')
,('9295b5bc-3a75-446c-a47c-eb4d3acea407','annualAccount.company.consoRank','View')
,('9295b5bc-3a75-446c-a47c-eb4d3acea407','annualAccount.company.consoSummary','View')
,('9295b5bc-3a75-446c-a47c-eb4d3acea407','annualAccount.company.competition','View')
,('9295b5bc-3a75-446c-a47c-eb4d3acea407','annualAccount.company.simul','View')
,('9295b5bc-3a75-446c-a47c-eb4d3acea407','annualAccount.company.display','View')
,('9295b5bc-3a75-446c-a47c-eb4d3acea407','annualAccount.supplier.competition','View')
,('9295b5bc-3a75-446c-a47c-eb4d3acea407','annualAccount.supplier.consoSummary','View')
,('9295b5bc-3a75-446c-a47c-eb4d3acea407','annualAccount.supplier.consoRank','View')
,('9295b5bc-3a75-446c-a47c-eb4d3acea407','annualAccount.supplier.conso','View')
,('9295b5bc-3a75-446c-a47c-eb4d3acea407','annualAccount.supplier.bench','View')
,('9295b5bc-3a75-446c-a47c-eb4d3acea407','annualAccount.site.consoSummary','View')
,('9295b5bc-3a75-446c-a47c-eb4d3acea407','annualAccount.site.consoRank','View')
,('9295b5bc-3a75-446c-a47c-eb4d3acea407','annualAccount.site.consoBench','View')
,('9295b5bc-3a75-446c-a47c-eb4d3acea407','annualAccount.site.conso','View')
,('9295b5bc-3a75-446c-a47c-eb4d3acea407','annualAccount.site.bench','View')
,('9295b5bc-3a75-446c-a47c-eb4d3acea407','annualAccount.competitor.display','View')
,('9295b5bc-3a75-446c-a47c-eb4d3acea407','annualAccount.competitor.consoSummary','View')
,('9295b5bc-3a75-446c-a47c-eb4d3acea407','annualAccount.competitor.consoRank','View')
,('9295b5bc-3a75-446c-a47c-eb4d3acea407','annualAccount.competitor.consoFeedback','View')
,('9295b5bc-3a75-446c-a47c-eb4d3acea407','annualAccount.competitor.consoBench','View')
,('9295b5bc-3a75-446c-a47c-eb4d3acea407','annualAccount.competitor.bench','View')
,('9295b5bc-3a75-446c-a47c-eb4d3acea407','annualAccount.company.bench','View')
,('9295b5bc-3a75-446c-a47c-eb4d3acea407','annualAccount.supplier.simul','View')
,('9295b5bc-3a75-446c-a47c-eb4d3acea407','annualAccount.supplier.display','View')
,('415e7e86-bef1-4674-969b-a010a150e6f8','annualAccount.competitor.consoReminders','View')
,('415e7e86-bef1-4674-969b-a010a150e6f8','annualAccount.competitor.consoSummary','View')
,('415e7e86-bef1-4674-969b-a010a150e6f8','annualAccount.competitor.display','View')
,('415e7e86-bef1-4674-969b-a010a150e6f8','annualAccount.site.display','View')
,('415e7e86-bef1-4674-969b-a010a150e6f8','annualAccount.site.consoReminders','View')
,('415e7e86-bef1-4674-969b-a010a150e6f8','annualAccount.site.consoRank','View')
,('415e7e86-bef1-4674-969b-a010a150e6f8','annualAccount.company.entry','View')
,('415e7e86-bef1-4674-969b-a010a150e6f8','annualAccount.competitor.consoRank','View')
,('415e7e86-bef1-4674-969b-a010a150e6f8','annualAccount.competitor.consoFeedback','View')
,('415e7e86-bef1-4674-969b-a010a150e6f8','annualAccount.competitor.consoEdi','View')
,('415e7e86-bef1-4674-969b-a010a150e6f8','annualAccount.competitor.consoBench','View')
,('415e7e86-bef1-4674-969b-a010a150e6f8','annualAccount.competitor.bench','View')
,('415e7e86-bef1-4674-969b-a010a150e6f8','annualAccount.competitor.entry','View')
,('415e7e86-bef1-4674-969b-a010a150e6f8','annualAccount.site.bench','View')
,('415e7e86-bef1-4674-969b-a010a150e6f8','annualAccount.site.conso','View')
,('415e7e86-bef1-4674-969b-a010a150e6f8','annualAccount.site.consoBench','View')
,('415e7e86-bef1-4674-969b-a010a150e6f8','annualAccount.site.consoEdi','View')
,('415e7e86-bef1-4674-969b-a010a150e6f8','annualAccount.supplier.entry','View')
,('415e7e86-bef1-4674-969b-a010a150e6f8','annualAccount.supplier.consoEdit','View')
,('415e7e86-bef1-4674-969b-a010a150e6f8','annualAccount.supplier.consoReminders','View')
,('415e7e86-bef1-4674-969b-a010a150e6f8','annualAccount.site.simul','View')
,('415e7e86-bef1-4674-969b-a010a150e6f8','annualAccount.site.entry','View')
,('415e7e86-bef1-4674-969b-a010a150e6f8','annualAccount.site.consoSummary','View')
,('b4d0a153-4825-4507-b935-77e3ab785e21','referential.competitor.details','ViewDocuments')
,('b4d0a153-4825-4507-b935-77e3ab785e21','referential.competitor.list','View')
,('b4d0a153-4825-4507-b935-77e3ab785e21','referential.competitor.details','View')
,('b4d0a153-4825-4507-b935-77e3ab785e21','referential.competitor.details','ViewContacts')
,('b4d0a153-4825-4507-b935-77e3ab785e21','referential.competitor.details','ViewEvents')
,('b4d0a153-4825-4507-b935-77e3ab785e21','referential.competitor.details','ViewDocumentVersionHistory')
,('ea3fc22b-115f-4d78-b154-8cde14f32e78','referential.competitor.details','MoveDocumentsOrFolders')
,('ea3fc22b-115f-4d78-b154-8cde14f32e78','referential.competitor.details','DeleteContacts')
,('ea3fc22b-115f-4d78-b154-8cde14f32e78','referential.competitor.add','AddDetails')
,('ea3fc22b-115f-4d78-b154-8cde14f32e78','referential.competitor.details','ViewEvents')
,('ea3fc22b-115f-4d78-b154-8cde14f32e78','referential.competitor.details','EditContacts')
,('ea3fc22b-115f-4d78-b154-8cde14f32e78','referential.competitor.details','AddContacts')
,('ea3fc22b-115f-4d78-b154-8cde14f32e78','referential.competitor.details','Close')
,('ea3fc22b-115f-4d78-b154-8cde14f32e78','referential.competitor.list','View')
,('ea3fc22b-115f-4d78-b154-8cde14f32e78','referential.competitor.details','AddDocuments')
,('ea3fc22b-115f-4d78-b154-8cde14f32e78','referential.competitor.details','DeleteEvents')
,('ea3fc22b-115f-4d78-b154-8cde14f32e78','referential.competitor.details','EditEvents')
,('ea3fc22b-115f-4d78-b154-8cde14f32e78','referential.competitor.details','AddEvents')
,('ea3fc22b-115f-4d78-b154-8cde14f32e78','referential.competitor.details','ViewContacts')
,('ea3fc22b-115f-4d78-b154-8cde14f32e78','referential.competitor.details','View')
,('ea3fc22b-115f-4d78-b154-8cde14f32e78','referential.competitor.details','ViewDocumentVersionHistory')
,('ea3fc22b-115f-4d78-b154-8cde14f32e78','referential.competitor.details','EditFolderName')
,('ea3fc22b-115f-4d78-b154-8cde14f32e78','referential.competitor.details','ViewDocuments')
,('ea3fc22b-115f-4d78-b154-8cde14f32e78','referential.competitor.details','CopyDocumentsOrFolders')
,('ea3fc22b-115f-4d78-b154-8cde14f32e78','referential.competitor.details','AddDocumentVersion')
,('ea3fc22b-115f-4d78-b154-8cde14f32e78','referential.competitor.details','EditDetails')
,('ea3fc22b-115f-4d78-b154-8cde14f32e78','referential.competitor.details','AddFolders')
,('ea3fc22b-115f-4d78-b154-8cde14f32e78','referential.competitor.details','DeleteDocumentsOrFolders')
,('d9382632-835f-403b-91d0-79f7049eaaef','settings.contract.purchase','View')
,('51fb37f1-c160-485f-afdf-d369438ab23b','contract.view.contract.purchase','View')
,('51fb37f1-c160-485f-afdf-d369438ab23b','contract.list.contract.purchase','View')
,('9ea08fc0-95bc-4562-99cc-f43057a4f633','contract.list.contract.purchase','ViewDashboard')
,('7d4d603c-c2b5-4102-a1cd-6a0c7d4edce1','contract.add.contract.purchase','AddDetails')
,('7d4d603c-c2b5-4102-a1cd-6a0c7d4edce1','contract.view.contract.purchase','ViewDocuments')
,('7d4d603c-c2b5-4102-a1cd-6a0c7d4edce1','contract.view.contract.purchase','AddDocuments')
,('7d4d603c-c2b5-4102-a1cd-6a0c7d4edce1','contract.view.contract.purchase','EditDetails')
,('4b8c8d48-418f-4467-b557-da27bceff201','referential.supplier.details','ViewContacts')
,('4b8c8d48-418f-4467-b557-da27bceff201','referential.supplier.details','View')
,('4b8c8d48-418f-4467-b557-da27bceff201','referential.supplier.list','View')
,('4b8c8d48-418f-4467-b557-da27bceff201','referential.supplier.details','ViewDocumentVersionHistory')
,('4b8c8d48-418f-4467-b557-da27bceff201','referential.supplier.details','ViewDocuments')
,('4b8c8d48-418f-4467-b557-da27bceff201','referential.supplier.details','ViewEvents')
,('08c49852-0bab-4591-9fb9-f75ac831bb22','referential.supplier.details','MoveDocumentsOrFolders')
,('08c49852-0bab-4591-9fb9-f75ac831bb22','referential.supplier.details','AddDocumentVersion')
,('08c49852-0bab-4591-9fb9-f75ac831bb22','referential.supplier.details','EditFolderName')
,('08c49852-0bab-4591-9fb9-f75ac831bb22','referential.supplier.details','ViewDocumentVersionHistory')
,('08c49852-0bab-4591-9fb9-f75ac831bb22','referential.supplier.details','AddFolders')
,('08c49852-0bab-4591-9fb9-f75ac831bb22','referential.supplier.add','AddDetails')
,('08c49852-0bab-4591-9fb9-f75ac831bb22','referential.supplier.details','EditDetails')
,('08c49852-0bab-4591-9fb9-f75ac831bb22','referential.supplier.details','Close')
,('08c49852-0bab-4591-9fb9-f75ac831bb22','referential.supplier.details','AddContacts')
,('08c49852-0bab-4591-9fb9-f75ac831bb22','referential.supplier.details','EditContacts')
,('08c49852-0bab-4591-9fb9-f75ac831bb22','referential.supplier.details','DeleteContacts')
,('08c49852-0bab-4591-9fb9-f75ac831bb22','referential.supplier.details','AddEvents')
,('08c49852-0bab-4591-9fb9-f75ac831bb22','referential.supplier.details','EditEvents')
,('08c49852-0bab-4591-9fb9-f75ac831bb22','referential.supplier.details','DeleteEvents')
,('08c49852-0bab-4591-9fb9-f75ac831bb22','referential.supplier.details','AddDocuments')
,('08c49852-0bab-4591-9fb9-f75ac831bb22','referential.supplier.details','DeleteDocumentsOrFolders')
,('08c49852-0bab-4591-9fb9-f75ac831bb22','referential.supplier.details','CopyDocumentsOrFolders')
,('08c49852-0bab-4591-9fb9-f75ac831bb22','referential.supplier.list','View')
,('08c49852-0bab-4591-9fb9-f75ac831bb22','referential.supplier.details','View')
,('08c49852-0bab-4591-9fb9-f75ac831bb22','referential.supplier.details','ViewContacts')
,('08c49852-0bab-4591-9fb9-f75ac831bb22','referential.supplier.details','ViewEvents')
,('08c49852-0bab-4591-9fb9-f75ac831bb22','referential.supplier.details','ViewDocuments')
,('ccb88b57-d86b-4b60-adba-904bea387f6b','referential.technicalPartner.details','ViewContacts')
,('ccb88b57-d86b-4b60-adba-904bea387f6b','referential.technicalPartner.details','View')
,('ccb88b57-d86b-4b60-adba-904bea387f6b','referential.technicalPartner.details','ViewEvents')
,('ccb88b57-d86b-4b60-adba-904bea387f6b','referential.technicalPartner.list','View')
,('ccb88b57-d86b-4b60-adba-904bea387f6b','referential.technicalPartner.details','ViewDocuments')
,('ccb88b57-d86b-4b60-adba-904bea387f6b','referential.technicalPartner.details','ViewDocumentVersionHistory')
,('c2e133d8-411c-4b27-994f-77324458fc86','referential.technicalPartner.details','EditEvents')
,('c2e133d8-411c-4b27-994f-77324458fc86','referential.technicalPartner.list','View')
,('c2e133d8-411c-4b27-994f-77324458fc86','referential.technicalPartner.details','ViewDocuments')
,('c2e133d8-411c-4b27-994f-77324458fc86','referential.technicalPartner.details','EditFolderName')
,('c2e133d8-411c-4b27-994f-77324458fc86','referential.technicalPartner.details','ViewDocumentVersionHistory')
,('c2e133d8-411c-4b27-994f-77324458fc86','referential.technicalPartner.details','AddDocumentVersion')
,('c2e133d8-411c-4b27-994f-77324458fc86','referential.technicalPartner.details','ViewEvents')
,('c2e133d8-411c-4b27-994f-77324458fc86','referential.technicalPartner.details','ViewContacts')
,('c2e133d8-411c-4b27-994f-77324458fc86','referential.technicalPartner.details','View')
,('c2e133d8-411c-4b27-994f-77324458fc86','referential.technicalPartner.add','AddDetails')
,('c2e133d8-411c-4b27-994f-77324458fc86','referential.technicalPartner.details','EditDetails')
,('c2e133d8-411c-4b27-994f-77324458fc86','referential.technicalPartner.details','Close')
,('c2e133d8-411c-4b27-994f-77324458fc86','referential.technicalPartner.details','AddContacts')
,('c2e133d8-411c-4b27-994f-77324458fc86','referential.technicalPartner.details','EditContacts')
,('c2e133d8-411c-4b27-994f-77324458fc86','referential.technicalPartner.details','DeleteContacts')
,('c2e133d8-411c-4b27-994f-77324458fc86','referential.technicalPartner.details','AddEvents')
,('c2e133d8-411c-4b27-994f-77324458fc86','referential.technicalPartner.details','DeleteEvents')
,('c2e133d8-411c-4b27-994f-77324458fc86','referential.technicalPartner.details','AddDocuments')
,('c2e133d8-411c-4b27-994f-77324458fc86','referential.technicalPartner.details','AddFolders')
,('c2e133d8-411c-4b27-994f-77324458fc86','referential.technicalPartner.details','DeleteDocumentsOrFolders')
,('c2e133d8-411c-4b27-994f-77324458fc86','referential.technicalPartner.details','CopyDocumentsOrFolders')
,('c2e133d8-411c-4b27-994f-77324458fc86','referential.technicalPartner.details','MoveDocumentsOrFolders')
,('bcd1236b-944f-419b-be1f-6974fb6f8b0f','settings.contact.functions','View')
,('a9f37eb0-837d-4a4c-bb80-62b6edfb0416','realEstate.site.addBudget','View')
,('a9f37eb0-837d-4a4c-bb80-62b6edfb0416','realEstate.site.budget','View')
,('bcd1236b-944f-419b-be1f-6974fb6f8b0f','settings.event.type','View')
,('bcd1236b-944f-419b-be1f-6974fb6f8b0f','settings.referential','View')
,('c3459eed-c648-4507-ace4-adaf8e1c7894','financialReport.site.consoBudget','View')
,('c3459eed-c648-4507-ace4-adaf8e1c7894','financialReport.site.consoReport','View')
,('c3459eed-c648-4507-ace4-adaf8e1c7894','financialReport.site.reportDisplay','View')
,('c3459eed-c648-4507-ace4-adaf8e1c7894','financialReport.site.cashDisplay','View')
,('c3459eed-c648-4507-ace4-adaf8e1c7894','financialReport.site.budgetDisplay','View')
,('11d92e6b-136a-4a4f-8fc3-1312fa94c6a8','financialReport.site.reportDisplay','View')
,('11d92e6b-136a-4a4f-8fc3-1312fa94c6a8','financialReport.site.budgetEntry','View')
,('11d92e6b-136a-4a4f-8fc3-1312fa94c6a8','financialReport.site.cashDisplay','View')
,('11d92e6b-136a-4a4f-8fc3-1312fa94c6a8','financialReport.site.reportEntry','View')
,('11d92e6b-136a-4a4f-8fc3-1312fa94c6a8','financialReport.site.cashEntry','View')
,('11d92e6b-136a-4a4f-8fc3-1312fa94c6a8','financialReport.site.consoBudget','View')
,('11d92e6b-136a-4a4f-8fc3-1312fa94c6a8','financialReport.site.consoReport','View')
,('4742608a-918d-429b-a0ac-d304c7b44496','operationalReport.site.cube','View')
,('50c9fb84-1973-4b6b-a356-6edab8bac1d6','operationalReport.site.analysis','View')
,('9097ad92-3d63-475b-9cb0-794b313bd094','operationalReport.site.consoRank','View')
,('9097ad92-3d63-475b-9cb0-794b313bd094','operationalReport.site.summary','View')
,('9097ad92-3d63-475b-9cb0-794b313bd094','operationalReport.site.consoSummary','View')
,('f0a0bf7b-5f3d-4387-9c01-dde18b993563','operationalReport.site.entry','View')
,('f0a0bf7b-5f3d-4387-9c01-dde18b993563','operationalReport.site.summary','View')
,('f0a0bf7b-5f3d-4387-9c01-dde18b993563','operationalReport.site.consoRank','View')
,('f0a0bf7b-5f3d-4387-9c01-dde18b993563','operationalReport.site.consoSummary','View')
,('a9210b77-6910-445b-ac04-802fbabf995a','royalties.site.entry','View')
,('a9210b77-6910-445b-ac04-802fbabf995a','royalties.site.settings','View')
,('a9210b77-6910-445b-ac04-802fbabf995a','royalties.site.invoice','View')
,('a9210b77-6910-445b-ac04-802fbabf995a','royalties.site.diplay','View')
,('a9210b77-6910-445b-ac04-802fbabf995a','royalties.site.calc','View')
,('43c33393-cfcf-4a50-a93f-47cbc5168cc1','royalties.site.entry','View')
,('43c33393-cfcf-4a50-a93f-47cbc5168cc1','royalties.site.invoice','View')
,('43c33393-cfcf-4a50-a93f-47cbc5168cc1','royalties.site.calc','View')
,('43c33393-cfcf-4a50-a93f-47cbc5168cc1','royalties.site.diplay','View')
,('7590a280-38d6-486a-9158-85dcfe68ccf3','settings.userManagement','View')
,('ce0f5f3e-e6f7-4ae7-89b3-f30c5e5c6f33','referential.company.list','ViewMap')
,('ce0f5f3e-e6f7-4ae7-89b3-f30c5e5c6f33','referential.site.details','ViewDocuments')
,('ce0f5f3e-e6f7-4ae7-89b3-f30c5e5c6f33','referential.site.details','ViewDocumentVersionHistory')
,('ce0f5f3e-e6f7-4ae7-89b3-f30c5e5c6f33','referential.site.details','ViewEvents')
,('ce0f5f3e-e6f7-4ae7-89b3-f30c5e5c6f33','referential.site.details','ViewContacts')
,('ce0f5f3e-e6f7-4ae7-89b3-f30c5e5c6f33','referential.site.details','View')
,('ce0f5f3e-e6f7-4ae7-89b3-f30c5e5c6f33','referential.site.list','View')
,('ce0f5f3e-e6f7-4ae7-89b3-f30c5e5c6f33','referential.site.details','ViewMap')
,('ce0f5f3e-e6f7-4ae7-89b3-f30c5e5c6f33','referential.site.list','ViewMap')
,('ce0f5f3e-e6f7-4ae7-89b3-f30c5e5c6f33','referential.company.details','ViewMap')
,('ce0f5f3e-e6f7-4ae7-89b3-f30c5e5c6f33','referential.competitor.details','ViewMap')
,('ce0f5f3e-e6f7-4ae7-89b3-f30c5e5c6f33','referential.competitor.list','ViewMap')
,('ce0f5f3e-e6f7-4ae7-89b3-f30c5e5c6f33','referential.groupCompany.details','ViewMap')
,('ce0f5f3e-e6f7-4ae7-89b3-f30c5e5c6f33','referential.groupCompany.list','ViewMap')
,('ce0f5f3e-e6f7-4ae7-89b3-f30c5e5c6f33','referential.realPartner.details','ViewMap')
,('ce0f5f3e-e6f7-4ae7-89b3-f30c5e5c6f33','referential.realPartner.list','ViewMap')
,('ce0f5f3e-e6f7-4ae7-89b3-f30c5e5c6f33','referential.technicalPartner.details','ViewMap')
,('ce0f5f3e-e6f7-4ae7-89b3-f30c5e5c6f33','referential.technicalPartner.list','ViewMap')
,('ce0f5f3e-e6f7-4ae7-89b3-f30c5e5c6f33','referential.supplier.details','ViewMap')
,('ce0f5f3e-e6f7-4ae7-89b3-f30c5e5c6f33','referential.supplier.list','ViewMap')
,('b3fcb94d-1930-4818-b2fb-b875c67c761e','referential.site.details','AddFolders')
,('b3fcb94d-1930-4818-b2fb-b875c67c761e','referential.site.details','EditEvents')
,('b3fcb94d-1930-4818-b2fb-b875c67c761e','referential.site.details','DeleteEvents')
,('b3fcb94d-1930-4818-b2fb-b875c67c761e','referential.site.details','AddDocuments')
,('b3fcb94d-1930-4818-b2fb-b875c67c761e','referential.site.details','DeleteDocumentsOrFolders')
,('b3fcb94d-1930-4818-b2fb-b875c67c761e','referential.site.details','CopyDocumentsOrFolders')
,('b3fcb94d-1930-4818-b2fb-b875c67c761e','referential.site.details','MoveDocumentsOrFolders')
,('b3fcb94d-1930-4818-b2fb-b875c67c761e','referential.site.details','AddDocumentVersion')
,('b3fcb94d-1930-4818-b2fb-b875c67c761e','referential.site.details','EditFolderName')
,('b3fcb94d-1930-4818-b2fb-b875c67c761e','referential.site.list','View')
,('b3fcb94d-1930-4818-b2fb-b875c67c761e','referential.site.details','View')
,('b3fcb94d-1930-4818-b2fb-b875c67c761e','referential.site.details','ViewContacts')
,('b3fcb94d-1930-4818-b2fb-b875c67c761e','referential.site.details','ViewEvents')
,('b3fcb94d-1930-4818-b2fb-b875c67c761e','referential.site.details','ViewDocumentVersionHistory')
,('b3fcb94d-1930-4818-b2fb-b875c67c761e','referential.site.details','ViewDocuments')
,('b3fcb94d-1930-4818-b2fb-b875c67c761e','referential.site.details','AddEvents')
,('b3fcb94d-1930-4818-b2fb-b875c67c761e','referential.site.details','DeleteContacts')
,('b3fcb94d-1930-4818-b2fb-b875c67c761e','referential.site.details','EditContacts')
,('b3fcb94d-1930-4818-b2fb-b875c67c761e','referential.site.details','AddContacts')
,('b3fcb94d-1930-4818-b2fb-b875c67c761e','referential.site.details','Close')
,('b3fcb94d-1930-4818-b2fb-b875c67c761e','referential.site.details','EditDetails')
,('b3fcb94d-1930-4818-b2fb-b875c67c761e','referential.site.add','AddDetails')
,('b2b071df-e4db-4718-bb6d-feacde00ed71','referential.company.details','ViewContacts')
,('b2b071df-e4db-4718-bb6d-feacde00ed71','referential.company.details','View')
,('b2b071df-e4db-4718-bb6d-feacde00ed71','referential.company.list','View')
,('b2b071df-e4db-4718-bb6d-feacde00ed71','referential.company.details','ViewEvents')
,('b2b071df-e4db-4718-bb6d-feacde00ed71','referential.company.details','ViewDocumentVersionHistory')
,('b2b071df-e4db-4718-bb6d-feacde00ed71','referential.company.details','ViewDocuments')
,('533286dd-3988-4b64-aae6-de4f7d108ed0','referential.company.details','MoveDocumentsOrFolders')
,('533286dd-3988-4b64-aae6-de4f7d108ed0','referential.company.details','ViewDocumentVersionHistory')
,('533286dd-3988-4b64-aae6-de4f7d108ed0','referential.company.details','EditFolderName')
,('533286dd-3988-4b64-aae6-de4f7d108ed0','referential.company.details','ViewDocuments')
,('533286dd-3988-4b64-aae6-de4f7d108ed0','referential.company.list','View')
,('533286dd-3988-4b64-aae6-de4f7d108ed0','referential.company.details','DeleteEvents')
,('533286dd-3988-4b64-aae6-de4f7d108ed0','referential.company.details','EditEvents')
,('533286dd-3988-4b64-aae6-de4f7d108ed0','referential.company.details','AddEvents')
,('533286dd-3988-4b64-aae6-de4f7d108ed0','referential.company.details','DeleteContacts')
,('533286dd-3988-4b64-aae6-de4f7d108ed0','referential.company.details','EditContacts')
,('533286dd-3988-4b64-aae6-de4f7d108ed0','referential.company.details','AddContacts')
,('533286dd-3988-4b64-aae6-de4f7d108ed0','referential.company.details','Close')
,('533286dd-3988-4b64-aae6-de4f7d108ed0','referential.company.details','EditDetails')
,('533286dd-3988-4b64-aae6-de4f7d108ed0','referential.company.add','AddDetails')
,('533286dd-3988-4b64-aae6-de4f7d108ed0','referential.company.details','ViewEvents')
,('533286dd-3988-4b64-aae6-de4f7d108ed0','referential.company.details','ViewContacts')
,('533286dd-3988-4b64-aae6-de4f7d108ed0','referential.company.details','View')
,('533286dd-3988-4b64-aae6-de4f7d108ed0','referential.company.details','AddDocuments')
,('533286dd-3988-4b64-aae6-de4f7d108ed0','referential.company.details','AddFolders')
,('533286dd-3988-4b64-aae6-de4f7d108ed0','referential.company.details','DeleteDocumentsOrFolders')
,('533286dd-3988-4b64-aae6-de4f7d108ed0','referential.company.details','CopyDocumentsOrFolders')
,('533286dd-3988-4b64-aae6-de4f7d108ed0','referential.company.details','AddDocumentVersion')
,('32516b69-cfec-4f13-8474-790a00880fcf','referential.groupCompany.details','View')
,('32516b69-cfec-4f13-8474-790a00880fcf','referential.groupCompany.list','View')
,('32516b69-cfec-4f13-8474-790a00880fcf','referential.groupCompany.details','ViewContacts')
,('32516b69-cfec-4f13-8474-790a00880fcf','referential.groupCompany.details','ViewEvents')
,('32516b69-cfec-4f13-8474-790a00880fcf','referential.groupCompany.details','ViewDocuments')
,('32516b69-cfec-4f13-8474-790a00880fcf','referential.groupCompany.details','ViewDocumentVersionHistory')
,('1259d9de-1824-4490-b2f6-3cf129735eb8','referential.groupCompany.details','DeleteContacts')
,('1259d9de-1824-4490-b2f6-3cf129735eb8','referential.groupCompany.details','EditContacts')
,('1259d9de-1824-4490-b2f6-3cf129735eb8','referential.groupCompany.details','AddContacts')
,('1259d9de-1824-4490-b2f6-3cf129735eb8','referential.groupCompany.details','Close')
,('1259d9de-1824-4490-b2f6-3cf129735eb8','referential.groupCompany.list','View')
,('1259d9de-1824-4490-b2f6-3cf129735eb8','referential.groupCompany.details','EditDetails')
,('1259d9de-1824-4490-b2f6-3cf129735eb8','referential.groupCompany.add','AddDetails')
,('1259d9de-1824-4490-b2f6-3cf129735eb8','referential.groupCompany.details','View')
,('1259d9de-1824-4490-b2f6-3cf129735eb8','referential.groupCompany.details','ViewContacts')
,('1259d9de-1824-4490-b2f6-3cf129735eb8','referential.groupCompany.details','ViewEvents')
,('1259d9de-1824-4490-b2f6-3cf129735eb8','referential.groupCompany.details','ViewDocuments')
,('1259d9de-1824-4490-b2f6-3cf129735eb8','referential.groupCompany.details','EditFolderName')
,('1259d9de-1824-4490-b2f6-3cf129735eb8','referential.groupCompany.details','ViewDocumentVersionHistory')
,('1259d9de-1824-4490-b2f6-3cf129735eb8','referential.groupCompany.details','AddDocumentVersion')
,('1259d9de-1824-4490-b2f6-3cf129735eb8','referential.groupCompany.details','CopyDocumentsOrFolders')
,('1259d9de-1824-4490-b2f6-3cf129735eb8','referential.groupCompany.details','MoveDocumentsOrFolders')
,('1259d9de-1824-4490-b2f6-3cf129735eb8','referential.groupCompany.details','DeleteDocumentsOrFolders')
,('1259d9de-1824-4490-b2f6-3cf129735eb8','referential.groupCompany.details','AddFolders')
,('1259d9de-1824-4490-b2f6-3cf129735eb8','referential.groupCompany.details','AddDocuments')
,('1259d9de-1824-4490-b2f6-3cf129735eb8','referential.groupCompany.details','DeleteEvents')
,('1259d9de-1824-4490-b2f6-3cf129735eb8','referential.groupCompany.details','EditEvents')
,('1259d9de-1824-4490-b2f6-3cf129735eb8','referential.groupCompany.details','AddEvents')
,('b116ebd2-f530-4f2f-8858-ef7a1c5eefa8','realEstate.site.addTaxe','View')
;

INSERT INTO user_group_role (user_group_id,role_id) VALUES 
(1,'397db33c-3410-425d-b446-069faf1d3a50')
,(1,'01060386-198f-4b1b-bfd4-529adc619b17')
,(1,'3a3c401a-e56b-4b9b-a5bd-f2edc0e3e739')
,(1,'8d29db89-430d-4f48-847e-a9d6b3750fd7')
,(1,'b79091f0-e4cb-408b-8486-bcf097a70cde')
,(1,'c84cf52d-3e53-46ce-ada8-492545579034')
,(1,'f24e5796-6453-4db1-ac03-730b47aa68d3')
,(1,'3d022e17-998a-470e-b215-84ca3a9b6d83')
,(1,'329299d0-c184-4cff-820a-51f43c74b002')
,(1,'87af83b9-48bd-4c45-8b72-d0b7a40f4b63')
,(1,'f6e54aa0-8bf3-4f28-932d-77e931dfc370')
,(1,'761e2dd8-15d8-4ffb-a769-1f3ac80fa4b6')
,(1,'a8027baa-7907-49fa-adef-93357c59aaee')
,(1,'a7b79787-18d7-49c4-bfdf-214ea7c4a2f0')
,(1,'c526b148-4e31-4eeb-8c79-2068b6327375')
,(1,'571bb198-f15d-4323-a90f-77ed0e12798c')
,(1,'e3112769-8a94-4c04-bf29-144646adeb4a')
,(1,'559909d6-0cf1-4979-8612-ff1714b94d5d')
,(1,'89386456-2963-4082-a53d-2e743e04ce59')
,(1,'86c5cdb4-bd67-4f0d-b908-af633d3334dc')
,(1,'9295b5bc-3a75-446c-a47c-eb4d3acea407')
,(1,'415e7e86-bef1-4674-969b-a010a150e6f8')
,(1,'b4d0a153-4825-4507-b935-77e3ab785e21')
,(1,'ea3fc22b-115f-4d78-b154-8cde14f32e78')
,(1,'d9382632-835f-403b-91d0-79f7049eaaef')
,(1,'51fb37f1-c160-485f-afdf-d369438ab23b')
,(1,'9ea08fc0-95bc-4562-99cc-f43057a4f633')
,(1,'7d4d603c-c2b5-4102-a1cd-6a0c7d4edce1')
,(1,'4b8c8d48-418f-4467-b557-da27bceff201')
,(1,'08c49852-0bab-4591-9fb9-f75ac831bb22')
,(1,'a586ad5e-9689-4953-9730-40563108641c')
,(1,'edceb8da-89d9-4a86-8d6b-bd6db3e48e95')
,(1,'ccb88b57-d86b-4b60-adba-904bea387f6b')
,(1,'c2e133d8-411c-4b27-994f-77324458fc86')
,(1,'bcd1236b-944f-419b-be1f-6974fb6f8b0f')
,(1,'c3459eed-c648-4507-ace4-adaf8e1c7894')
,(1,'11d92e6b-136a-4a4f-8fc3-1312fa94c6a8')
,(1,'4742608a-918d-429b-a0ac-d304c7b44496')
,(1,'50c9fb84-1973-4b6b-a356-6edab8bac1d6')
,(1,'9097ad92-3d63-475b-9cb0-794b313bd094')
,(1,'f0a0bf7b-5f3d-4387-9c01-dde18b993563')
,(1,'a9210b77-6910-445b-ac04-802fbabf995a')
,(1,'43c33393-cfcf-4a50-a93f-47cbc5168cc1')
,(1,'7590a280-38d6-486a-9158-85dcfe68ccf3')
,(1,'ce0f5f3e-e6f7-4ae7-89b3-f30c5e5c6f33')
,(1,'b3fcb94d-1930-4818-b2fb-b875c67c761e')
,(1,'b2b071df-e4db-4718-bb6d-feacde00ed71')
,(1,'533286dd-3988-4b64-aae6-de4f7d108ed0')
,(1,'32516b69-cfec-4f13-8474-790a00880fcf')
,(1,'1259d9de-1824-4490-b2f6-3cf129735eb8')
,(1,'b116ebd2-f530-4f2f-8858-ef7a1c5eefa8')
,(1,'be3102e2-fb07-490d-a7b8-f2bf966a206f')
,(1,'b040805e-b018-4226-ba78-9eccbb16dc5f')
,(1,'47d5f3cc-18c7-4c3b-843b-1913c9d9f59d')
,(1,'dcb5bf83-61b2-46f7-80b3-38384b5e1b66')
,(1,'a9f37eb0-837d-4a4c-bb80-62b6edfb0416')
,(1,'23b72a3c-830a-4055-9c02-ff3a7d6962db')
,(1,'2175a12f-a69c-47fc-8c84-f3547b5b46fd')
;

INSERT INTO user_profile ("id", "email", "first_name", "last_name", "title", "organization", "phone", "mobile",
                          "culture_id", "home_page", "api_key", "status", "password", "salt", "algorithm",
                          "valid_until", "user_group_id", "reset_password_token", "invitation_date",
                          "invitation_password_token", "allow_ticketing", "is_admin", "last_login_date",
                          "last_password_changed_date", "failed_password_attempt_count",
                          "failed_password_attempt_start", "is_locked_out", "create_date", "modified_on", "modified_by")
VALUES ('7bca1570-f079-4f8f-898d-cb85ea40bbfa', '$SYSTEM_USER$', 'Synergee', 'Admin', 'Admin', '', '', '',
        'fr-FR', '/ref/site/referential', '1A0A28235F5D443FEC08AF52D8DBD1C3', 'Registered',
        '$DEFAULT_TENANT_PASSWORD$', '$DEFAULT_TENANT_PASSWORD_SALT$', 1, NULL, 1, NULL, '2018-09-24T15:16:28.0000000',
        NULL, 'False', 'True', '2020-03-31T10:16:59.0000000', '2018-09-24T15:16:51.0000000', 0,
        '1754-01-01T00:00:00.0000000', 'False', '2018-09-24T15:16:28.0000000', '2020-02-20T14:06:18.0000000',
        '7bca1570-f079-4f8f-898d-cb85ea40bbfa');

INSERT INTO heimdall.user_scope_access (user_id, model_id, scope_type, selected_id, filter_expression, filter_value)
VALUES ('7bca1570-f079-4f8f-898d-cb85ea40bbfa', 'contract.purchase', 'All', NULL, NULL, NULL)
     , ('7bca1570-f079-4f8f-898d-cb85ea40bbfa', 'referential.realPartner', 'All', NULL, NULL, NULL)
     , ('7bca1570-f079-4f8f-898d-cb85ea40bbfa', 'referential.technicalPartner', 'All', NULL, NULL, NULL)
     , ('7bca1570-f079-4f8f-898d-cb85ea40bbfa', 'referential.candidate', 'All', NULL, NULL, NULL)
     , ('7bca1570-f079-4f8f-898d-cb85ea40bbfa', 'referential.supplier', 'All', NULL, NULL, NULL)
     , ('7bca1570-f079-4f8f-898d-cb85ea40bbfa', 'referential.competitor', 'All', NULL, NULL, NULL)
     , ('7bca1570-f079-4f8f-898d-cb85ea40bbfa', 'referential.site', 'All', NULL, NULL, NULL)
     , ('7bca1570-f079-4f8f-898d-cb85ea40bbfa', 'referential.company', 'All', NULL, NULL, NULL)
     , ('7bca1570-f079-4f8f-898d-cb85ea40bbfa', 'referential.groupCompany', 'All', NULL, NULL, NULL);
